59.50225989,69.03875969,58.82584,67.06180099,67.21845171,68.42399123,71.08258916,78.4924305,66.94051363
67.96331237,69.84394251,75.23412698,63.50327616,71.20505533,65.86668994,69.2682589,79.23364649,68.46163347
61.76109726,70.69194757,70.88664,66.20657057,66.54771188,61.51671733,65.2804365,72.86084289,63.16002975
60.56626214,78.1876588,78.1,67.54737631,68.06640283,58.95574861,63.23056063,73.00560142,65.23268235
46.32820513,71.07693727,51.46581059,56.99881313,60.9085213,56.33155216,62.25741746,62.11153634,60.11835459
48.8602459,72.02200957,57.12827789,56.69287146,65.88725413,58.3944655,63.60907966,73.77688647,65.77412955
55.11886792,66.75936884,42.09005329,72.95024378,69.07582815,57.70084187,69.09246482,75.10687481,63.88186025
61.01153846,70.76564551,57.17307692,63.86872286,72.88163077,57.25453532,66.43162791,75.68421676,68.28726096
58.49782135,60.6015748,47.92698413,65.06728138,73.2833581,63.09035034,69.58829268,72.15635995,66.88180851
53.76580796,70.69408034,44.98284734,70.64997363,65.5590459,56.471687,70.99709269,78.41494422,64.23085468
61.78119891,62.62485549,58.40599676,68.62067551,66.39579237,63.8599768,64.90078658,78.78281206,68.91568471
60.63349398,67.24919679,54.81666667,64.47858056,67.42412935,60.57157407,69.36235624,71.34779547,62.95445452
56.12307692,72.69633911,79.37770035,66.74863865,69.99570158,63.06833391,65.69702611,79.55947495,72.11024272
54.78198433,62.82050209,73.41992945,70.63817745,64.83883624,55.95543651,64.7448926,75.99258794,67.98218306
51.15035461,68.40719844,57.05533118,71.7981978,77.55204365,62.24230456,72.66665783,76.18795951,62.17123256
50.81222494,62.88566243,69.93782148,67.52407975,66.43587054,63.55234188,70.43256028,73.2278319,63.97989443
54.16857749,69.97014315,47.82595156,63.45861746,65.0882557,56.69098592,66.0936515,77.59368299,69.74853583
56.94779221,70.35319149,88.6,63.05374701,67.67720963,61.22971098,68.64804441,79.51214711,66.83833249
56.95463918,64.72359307,52.58737864,60.14313153,71.99706639,67.53130352,64.05177725,73.54110715,65.04520958
63.78056995,65.26007605,68.93138298,63.5013059,59.85326954,59.89009551,68.55947581,79.89565446,71.76381074
42.8318328,66.72833638,65.28211009,61.89399625,63.64874267,63.25997977,58.56654169,71.08687783,62.23157731
73.08097166,65.49977221,66.15992366,66.51299814,66.00417755,58.93667348,70.25494005,75.0164361,67.28553571
68.00135135,73.75009671,91.24226087,62.29697563,59.59362234,65.4856513,63.20638136,76.25776758,70.34519824
51.47361111,67.59640592,64.46283662,62.12167483,65.31078178,69.23717298,68.69767729,73.54962359,68.29298684
62.84827586,61.6107221,57.53255814,57.78607192,64.93160173,58.51149123,63.26919101,70.62000619,59.2894887
62.04400871,69.58287402,64.47611684,67.12271426,67.5210213,60.64081197,63.18142715,73.86773629,68.40436533
55.79416667,65.70582278,55.38079151,66.34248318,64.7709205,62.45884892,69.7892464,74.87094486,62.24367414
51.5375,64.50396396,79.13152,66.7617887,76.41377778,67.73445181,68.14366232,81.71418637,69.07684807
54.66966019,71.59174664,43.07914654,71.01360297,68.17011263,65.80583026,75.50470588,72.43345254,63.61623501
58.35469484,70.53719212,54.26738241,63.28432214,59.3366398,61.77513956,66.92008671,75.05213821,65.81654445
57.40426667,63.41865942,55.87606908,71.16097919,71.21202942,65.55848641,67.62256313,78.80032164,63.02648437
50.86880165,59.33259912,48.13418647,63.30693069,64.16324072,62.31044075,67.86365522,78.87639651,66.46565858
59.82738095,74.88992248,50.6441129,62.92430982,62.22176384,59.95622977,57.37863825,66.4577156,64.50460829
70.03285024,75.94988662,80,68.21842442,69.45485402,60.39929554,69.30233573,79.58565038,71.39228736
66.69361179,62.16916836,62.45663176,69.49151105,65.06634352,61.83313927,65.81030928,64.54492537,61.9716174
58.1880597,67.20935412,63.39869792,67.74744692,63.45487489,62.15727029,62.35116898,75.11817368,66.10835727
58.27210682,72.39081456,86.74537178,65.17994895,66.68593425,67.09310612,64.84767178,68.41109618,64.06967354
56.79771167,74.56184486,83.11823735,64.69271889,71.63246753,58.77194983,66.26670636,72.1744186,67.69366089
62.09179487,69.88973214,65.17077799,66.20617101,70.63640793,64.84286385,65.31051856,81.50113409,67.28623402
57.66685237,63.14088983,55.28816667,74.32943909,73.71206226,57.11580161,67.14092226,72.10945714,62.36954192
84.0416499,65.82601432,59.80856031,65.42426893,74.56598623,66.3264936,69.70888565,74.67286483,72.50844767
63.16674757,70.26370809,77.00511464,73.26636001,71.81377798,62.43146959,69.13454545,84.08112913,69.94831913
58.76029056,62.17629063,84.10826645,61.85490672,69.44756385,63.46817204,69.28098798,72.75105036,69.51778647
59.3835443,69.41223529,54.16428571,73.2591813,71.1313472,65.15271777,73.06054374,77.73167618,67.9308554
60.23897059,74.91,78.67603306,66.83188419,64.9603154,59.40326686,61.11741132,75.02122008,73.33664759
59.17534965,68.64389027,60.61958333,65.61876952,77.08901299,58.44224879,57.59716469,82.03056226,65.6839162
56.38044444,72.90598291,73.36048527,64.9866477,64.92485406,59.39555977,69.81499614,81.59442446,66.29269978
61.07017995,68.76383333,83.96444954,69.24997856,64.77615922,61.85663853,67.02733134,75.12433978,65.27714643
60.21556064,62.48207343,63.55009488,64.82850699,63.76221142,60.26162415,62.53670074,72.3211745,62.33346985
73.59325,64.17364747,67.49610687,64.35346826,70.39623524,64.59788732,67.61206586,75.19991857,69.04185185
62.1325,74.36325503,70.6643617,63.46070471,60.55256279,64.264264,60.36522324,77.01988397,68.61844898
79.25984456,70.14268537,84.29320388,60.77700859,65.1984741,62.4903104,58.65431762,76.07814254,66.89735516
69.09264305,74.86378378,92.75976821,63.04255013,65.10449528,67.57844941,73.8722179,66.01847731,65.92980769
58.64268868,62.88523909,50.77061947,68.86041513,65.48250571,63.94858168,67.33915138,75.90753956,65.51529138
63.55918367,59.33168831,35.94809322,66.06481075,63.23099584,62.62411318,66.29787656,73.35019622,69.07752559
67.80762712,78.93097166,37.55426731,68.01414442,67.7069532,61.70265288,63.36153641,76.12097291,73.40505114
58.20026525,72.49914712,64.72364086,63.07320131,65.51243012,61.67446979,64.2390592,81.38017914,70.05450052
78.28123393,77.69910873,77.71547619,68.3679071,74.11099885,66.40601073,69.31714143,77.73198429,68.34252621
68.60881764,65.05912596,67.8,67.44879863,65.92765685,58.68147482,65.66974988,74.03053375,69.76741239
54.63817505,67.69177057,60.75,68.06248897,66.44193042,61.86770398,59.72745283,69.84302239,68.15939438
67.3789899,61.66864407,70.00114068,67.540304,65.94461234,62.74778271,60.76528969,82.29945791,73.01105459
58.66551724,65.17714286,79.97106918,61.3310827,68.37301805,67.22247029,71.72573074,79.99664207,68.26884623
77.27718447,67.49568182,57.95046211,70.34648315,65.99289953,57.59554753,64.54213467,81.50936255,63.73725772
70.93775,70.32335329,62.38636364,67.88815343,68.84580321,58.64923499,64.61482776,74.15847507,65.85716675
54.47638436,59.50021505,51.29465649,70.14142225,58.28167515,59.70103359,64.54384935,69.99179903,70.11742697
56.34735577,73.25572687,80.27311151,71.26543507,58.91509773,59.87323893,63.11526775,65.81515432,74.10983568
53.15561224,62.15429142,58.66293532,69.8064496,57.3176872,64.1651341,63.30206358,73.82604695,67.33393701
57.02582418,68.22556918,64.0547619,71.67050586,61.56724396,68.33141625,66.49144311,57.84308792,68.51347407
57.24268585,67.66475096,67.80343384,74.31256786,68.25464277,64.05932997,72.61689615,63.71947979,76.72114047
60.10265306,59.08746929,59.458159,74.14227649,65.12158155,62.90763388,61.93564047,70.46025641,70.71365912
55.28725212,59.29978541,56.77191781,76.44456494,65.34064123,62.27395397,63.1048569,66.73137725,71.87477703
66.95562771,63.75981132,64.30913706,71.79136779,68.50473262,73.15504958,61.82003363,70.73220389,72.34341683
57.0060241,65.55527778,60.09031891,76.07771669,68.57201825,61.87057079,69.75939142,77.11771796,81.40668908
56.05583127,62.85615385,79.62382445,69.60521025,55.41606323,65.44194757,73.11216534,70.46083878,75.9912854
49.00155902,69.42839248,67.81699288,70.77339634,69.32492979,62.93142016,72.90805467,73.39153064,72.44981494
58.10139276,60.32547771,71.83631841,70.81472147,56.59562226,63.5574848,68.49490071,68.95070053,72.21884136
55.2983871,65.463,67.87855932,74.34191311,57.22754034,63.78452147,63.3642391,76.54946145,75.66105572
60.36980609,62.15952381,65.94263502,72.70351673,64.25379842,67.63576779,70.3437052,73.10042445,70.84968588
58.87083333,67.17761468,51.12471729,69.74028534,64.74743065,63.30160321,60.52220164,68.73154795,77.46423294
55.93185596,69.74639175,89.38114887,65.66959179,52.20007719,67.33730741,65.51486827,68.58018734,72.85269333
61.91117318,61.59458955,63.37086811,67.99498697,59.16572248,64.76849866,68.66075196,74.01361789,75.40179278
53.33376289,63.57278912,48.70702703,70.37727234,53.92232928,65.71115141,63.90090472,65.6849516,67.74806867
54.14682927,62.77207792,76.90518395,61.4388278,55.67327675,61.00408534,59.18959507,58.71709845,69.97710614
62.11935484,63.22601476,57.67545455,63.66743413,61.0248817,64.50613772,53.86432661,70.88222164,69.73564562
55.06103896,64.23723197,80.42407733,68.29338448,59.62697042,61.89600533,66.70070525,72.89269279,77.47162791
55.60521327,67.91504762,70.6,70.14393939,60.34115673,67.47209844,59.80428863,63.03913415,72.37773965
74.64007782,66.90846682,74.52761341,69.64454608,57.51953359,67.63343328,67.85527094,72.5766907,77.33079432
59.49393939,68.39108527,63.26218905,74.90105515,62.38828629,63.6503319,66.58508493,71.6108795,80.81608725
56.98607306,75.23019608,79.8557377,71.57256092,62.08488473,67.60344317,60.00984049,72.15968733,75.22123318
57.64649533,62.65438596,69.56,69.42941933,62.84190981,67.55318581,62.00080235,71.19394632,76.88399277
66.45411255,60.71398601,50.09512428,69.10169996,61.86106661,68.93853179,70.6297084,77.99646499,78.05652356
53.74016854,66.69215328,70.55670927,67.37556086,59.5699061,62.84345037,68.37475127,66.24102637,73.0145489
61.34790123,71.48333333,73.18202512,65.4546655,58.63242431,65.36390279,60.26458142,56.37057183,75.62449526
50.18205128,64.21020794,79.97897727,71.81302057,60.15453662,60.52353964,66.56935771,76.95669203,70.36402116
64.09083969,67.52537313,65.90622568,73.28506953,62.3516899,60.21348784,64.32486732,67.06024714,67.26350416
62.75285171,60.35010941,64.63991803,68.84149844,56.07129663,62.22996619,57.12560226,68.45130701,72.21927681
60.44837758,64.63423913,69.72634731,70.80555694,60.12034432,69.38740351,63.00394177,57.23980633,66.35787791
53.91044487,66.30995851,50.24389381,68.38556202,67.09702048,63.11530503,70.45069394,76.60790208,74.61413268
60.76125908,61.65495327,60.75,75.81750211,64.71021915,63.65130148,56.6493105,72.87227225,69.35028504
57.74376658,65.41460674,69.33209877,69.6066165,66.49176394,65.02369985,68.14589395,71.83449985,67.69732648
42.20519481,67.16032864,65.40453721,71.17052977,61.82070606,65.29535216,67.24419643,71.96331852,69.34180662
65.24475655,62.47009346,64.44565217,73.51754973,58.50068228,65.42422566,68.38004391,69.57220648,67.6904788
62.6693299,72.77479936,88.49746377,70.66555863,56.28802153,61.79515483,69.11765672,73.99754538,75.07507068
61.44008439,75.08628319,83.45802583,69.90922535,72.75503421,60.08983351,69.99917244,75.24590114,73.48912863
56.11339713,71.20610236,67.44565217,69.11198595,65.56649507,67.36312849,61.78954409,75.89051289,73.87719135
44.51183036,66.66459627,80.37662338,72.3888319,65.42882986,64.80440762,63.4536306,76.77086665,72.10614647
53.33877551,69.57394578,88.4,70.9038846,56.87291187,69.01983105,62.14816956,73.24161939,70.87238806
60.23204134,62.58703297,51.45580986,67.09684211,60.0265778,61.14465905,64.17608136,66.95858831,65.4764676
58.36856369,61.37137615,65.44813953,71.70723701,61.69998284,60.2961044,62.06982876,70.01711621,69.95722438
61.73850932,69.77482679,68.19858333,71.12702806,69.64131087,60.49444879,62.50367996,62.90481541,68.64193292
57.55687831,65.99695431,57.38058394,64.89589029,61.90190122,62.59522942,52.74126403,77.00866824,73.79169657
59.61626794,66.38960573,71.11836248,69.02681778,64.11589877,59.69415182,67.90432419,75.78428729,73.10808588
55.34557641,56.98171558,57.60488722,72.80582737,66.30077772,64.10308989,62.17207021,72.09256603,74.62513716
61.23727506,57.09979716,61.27479062,69.3607055,64.83805114,60.87365311,59.6918372,68.64901905,69.28431002
58.69063291,69.31217712,58.37319749,71.71748171,69.39694444,67.47147529,68.28864891,71.71375534,78.03538847
52.32340426,65.74901575,61.74188791,66.12142919,62.45223133,61.10311644,64.38650643,70.98799384,67.49646188
60.95062035,65.73333333,59.7576087,68.46655326,58.86862254,63.34692456,63.17394535,71.64026217,70.60553293
56.99473684,67.64953959,68.46420546,67.43425028,64.26106148,66.5391369,59.90707902,74.64588364,73.44577551
50.66602564,68.5963035,78,67.73371356,57.84255,67.3347659,61.10513919,74.19374817,76.45681063
70.51432225,65.44020619,66.27174757,68.04981152,62.15033386,64.36751813,57.07834315,72.19732837,74.19318609
56.39019608,68.12735849,54.60466989,71.41596218,62.6972572,63.49378882,73.78206455,64.72582356,71.46810182
54.9458427,71.14642857,91.69106239,69.73565608,61.95379645,61.75101297,65.57914235,67.70623891,69.62099062
49.4393617,64.87678571,65.89850088,69.67601203,59.47068801,64.06240834,63.78830964,65.56040609,71.0146888
63.49225664,66.23475336,80.7038817,72.48189074,62.25087573,66.02259136,61.18689227,64.18715333,72.63626117
63.49354067,71.24780702,81.91953819,64.47592424,67.25679379,71.11154138,67.90120664,73.45115361,65.97088249
64.35192308,71.60497132,89.7,72.59650004,59.15315278,65.39648451,65.56215962,69.73641011,72.64678986
64.7222561,63.01825726,60.56688931,69.47386456,55.72404001,60.94455782,66.23254328,64.1720178,66.65101215
47.31236559,67.05588235,83.42380192,68.65552887,67.66281723,61.06822605,71.88970758,74.19448819,69.57855827
62.60066225,71.35079365,54.85698529,72.05043486,69.95729643,68.33247136,67.5085097,68.21170747,69.55698901
63.08352941,63.24816327,70.28518212,69.50308822,71.31293949,59.90864097,62.19461985,72.63036275,69.60329466
63.59269521,70.43861004,61.9800813,63.43936333,64.01067194,67.64510181,63.71630435,69.34065703,65.03460325
61.49850746,64.74695864,62.38413462,69.66143486,70.35240964,67.06162707,56.98379296,69.00579476,69.88855042
63.12403315,62.14361493,54.26782884,65.99574485,59.21694306,62.51331148,63.17904404,67.91685332,67.9793499
57.2764454,63.33569892,65.49389736,68.43903593,64.96008267,66.24816964,69.47074586,66.4582624,75.04891056
60.94701195,65.98117978,71.53673469,73.68181893,63.70058947,63.77214533,60.26533166,67.71092049,70.05498913
65.57885117,63.90293542,72.09493088,62.94686139,62.47990474,71.23790654,59.5667004,71.25999475,70.5650941
61.70320856,68.07777778,52.14034483,68.02428136,61.11455256,67.82051809,54.97515707,70.27032703,65.8655914
65.26125541,69.05347826,58.48410781,68.59979444,63.88782216,64.05259664,61.67838304,61.2414966,68.75898009
63.04563953,66.82006369,78.80084034,66.09146231,66.9954202,72.03181966,56.45860271,69.45966469,69.74352273
61.35081206,65.52693878,60.70600343,72.82177582,65.49009879,64.88104456,66.56442378,67.69861671,69.52337079
66.88755981,64.42744681,55.80378007,68.99178412,68.22441305,71.1433262,60.28123043,71.60827179,63.93361188
63.52529274,63.47990868,66.169,64.71013414,66.91192868,66.02711291,65.76072743,58.17022971,69.33726218
59.72512821,62.94826884,60.74036545,65.17469826,62.24467396,67.99393939,65.50728168,73.47412168,67.56953396
68.97192982,67.72705667,82.4,68.6080292,63.98832212,71.07442937,59.97259584,64.66230995,68.60349952
59.92608696,70.93470919,87.8516129,71.43291697,67.92155762,72.04335281,62.51135523,70.22573216,71.029448
61.30639269,68.50394973,85.20566038,67.01436292,57.82644156,69.33894814,64.08191974,72.17292111,69.33626423
60.44764151,72.56553672,92.8,66.15335797,70.2721216,66.22880993,65.67189035,65.59440825,69.04654117
63.38258824,73.69285714,88.46210046,73.12168634,65.76488931,62.69874021,66.18701109,70.50745984,72.74724122
63.14473684,75.22598425,86.80859599,66.43700403,61.24443551,63.79748538,65.07276549,68.40743073,67.79790588
70.66261905,74.03546512,87.10716695,71.90476881,72.34688748,65.5804559,67.3052542,65.39962687,64.72087558
79.83513514,67.50213675,60.80752508,72.82302784,65.67335125,66.94964362,60.87993702,66.55842376,68.97192308
61.39217002,60.95169492,70.5429078,70.95086315,68.02811835,70.57716145,57.6375,61.90684087,67.83786638
62.41204188,65.89834559,59.63527132,72.37703171,66.13230673,65.40136622,65.61266443,67.99692971,66.67835154
65.89293893,70.28937644,74.85859375,64.43989821,63.43895751,67.26785834,59.55475952,73.56040041,77.04661695
62.21291139,62.99555556,68.14380952,66.91294262,60.95017822,64.49116915,59.45704459,76.59698829,66.18964258
77.73296703,65.18675136,69.23077544,63.74880045,62.77498006,65.96417323,64.08254249,65.32838428,65.51430079
62.48983957,65.15591603,71.58805513,69.91893154,64.60070188,61.32264836,60.52092062,70.08277662,64.93854026
76.57884615,71.12818182,76.2989313,63.38377346,61.58094288,61.29463878,63.91852974,59.33075722,66.4829595
59.04542857,67.17648184,86.02864992,69.55903384,61.50307235,64.97198626,65.81483016,71.28640725,64.96178977
60.62555556,67.34215686,78.17226962,70.14854199,70.05005557,63.65903915,68.07167908,74.65552906,71.66394483
65.38997429,58.5019802,62.94417077,67.34752416,56.88125692,65.51815997,61.87241218,61.26760563,70.05424739
67.47416481,64.15577396,76.27315175,73.25837131,76.81648019,71.91258665,67.55787427,67.91089701,74.73344045
69.88340336,63.99893617,89.1137031,69.36010906,64.45171708,63.17058424,65.72192525,65.78527947,68.03855691
64.36457286,68.34435484,79.56794218,70.33752371,66.14124796,61.82941377,62.73864153,69.6754417,64.13309494
61.93402367,59.17946058,56.30958904,72.96916763,64.67854841,67.44128944,67.12576419,73.1416751,68.65350189
64.05950617,69.34179389,92.94805901,61.66053425,56.82330489,60.58864016,64.35725985,74.2738675,63.87451367
60.43372642,65.291841,61.35956679,65.77965862,64.85790703,65.19980788,56.23358545,65.5830812,66.29691834
71.27987552,64.84482759,61.09620902,70.94998631,69.85250261,64.95069699,66.02915544,67.1491707,67.42035233
71.87459016,68.20053381,71.8011236,61.16631257,64.40846814,72.77000453,60.92890886,72.14694656,68.67455497
74.59107981,67.34304933,64.98089286,65.18331608,59.58342665,63.65781592,59.03522469,67.52366757,67.3448037
68.93351955,71.64881757,80.9,64.30281085,65.05883149,68.29563582,61.35454106,71.50194906,66.8756779
65.462,72.55531496,83.71056338,70.97575599,64.21547007,68.85964845,57.40622967,65.40147059,66.51740841
63.07104247,79.01561462,89.82589286,69.64854434,70.06046773,57.98968227,60.94962758,67.0896241,71.57488558
76.24223433,77.82265372,92.34428571,63.23958968,67.28197616,62.5092617,62.83726363,74.84294758,69.7282058
69.31985294,71.56548857,63.75809917,62.70359761,63.77917681,66.85215427,59.89748674,68.86763533,63.69279865
69.16849711,69.10699844,75.92788051,68.50869641,65.34798856,69.14755102,60.68169081,72.63197026,69.70255635
68.32626263,75.80931559,72.6070626,71.42454821,61.90417358,61.84629699,63.26256244,70.82427132,67.29196602
69.6217033,70.62883642,66.82015038,69.58323864,68.53113652,65.75481264,61.24576471,67.31511628,67.22111406
62.8837037,63.71091854,60.75,66.1852784,62.49063893,65.3904963,57.3232782,64.1387886,62.26541407
73.46538462,71.40390456,71.82710952,68.14694175,67.27486592,62.87720836,62.12274902,61.74129673,65.44155699
75.30773067,67.33056093,69.11381119,71.31949759,67.85133946,64.94102179,61.26186324,77.6695084,65.27891284
63.29266862,68.54,63.23149351,70.41092593,67.79252088,61.70281182,64.90298814,73.9056016,66.87588552
60.93389831,68.24495192,60.75,67.43946253,62.87438487,63.18864213,58.73322891,68.62284768,64.89525465
73.84901186,76.63972868,79.40616438,70.09584238,63.76457848,66.98659889,60.19868245,74.89092827,68.69965251
65.26093023,71.98216319,63.64621711,65.18130975,69.00410557,64.56888174,65.66754121,74.93017817,67.95237557
62.29490446,68.67459207,59.95930018,70.37220278,69.57445066,65.45649795,59.64254815,74.24854061,68.79364389
59.08469657,60.60528376,60.73038898,70.57851521,67.53337406,67.41044628,61.35603332,74.35277699,64.39189744
81.59013453,68.0059867,50,70.63487797,71.57038375,68.51577959,58.07628866,70.55750994,71.56898384
60.89375,71.60929265,73.49111675,64.49630241,61.94742576,69.64050542,65.36809737,76.00123288,66.45934855
57.42232143,68.29929701,54.47902511,66.78869851,61.65201033,66.27044261,63.78981847,62.73576039,69.60634783
60.77348485,64.56368932,61.16260229,57.15834277,59.40299873,66.90616596,55.54889625,59.98460896,69.91772616
58.59326316,61.10852878,56.48101266,62.48094019,69.49431818,59.70270926,62.97765231,68.12442494,66.21654321
68.1971246,72.59660194,84.66190141,62.63970537,59.97179487,60.15018882,69.09150637,67.33449707,64.1804
70.27152318,72.15125348,80.72067594,74.00032465,73.03768479,61.97704678,66.69431321,71.11062606,75.56428891
66.15283688,65.00952381,48.48982713,65.4396344,68.78000825,63.75155798,66.53880422,74.88558662,69.32242515
66.60021322,65.8555773,66.3,66.13725796,66.90836894,62.11526689,64.59125413,68.41306699,63.09347193
63.07799443,62.83651376,57.38391502,70.76381732,61.2612373,62.497766,60.59720708,62.11626768,64.1511967
71.36589862,67.52998379,72,68.85799496,65.21931464,70.38849096,60.260888,72.82315535,66.35795328
66.18564593,59.898,58.05980392,63.03798646,69.15759021,68.40640058,62.53326236,77.55933622,68.27272517
70.51153846,69.02371795,58.51945392,70.07309928,65.54181975,65.04978448,60.77333718,75.21125489,74.5573444
67.97775281,73.0262181,68.6,63.69130865,68.65671204,70.36461753,60.48819752,68.26681999,70.49322638
69.09013333,70.81616541,78.32381729,66.71931755,65.66599354,66.5515625,57.86690569,69.57413746,66.64857143
68.89334764,67.81859296,89,67.81757186,70.47984481,66.88943709,66.85551962,68.85389788,72.81558872
71.84860051,63.65865922,66.48636364,68.04084072,64.07464254,59.47154854,61.27708634,71.43259639,67.1317619
70.94617414,74.19510604,83.84085714,62.63669152,64.34640078,64.50026485,58.09062965,73.28801083,67.98805699
79.42772926,68.71675258,87.28854369,67.58327433,67.37979391,68.25208024,73.14149921,62.54387891,66.98810449
67.25015291,70.64581105,73.06988906,62.55914789,66.2772311,63.04874661,63.00418635,66.84183757,65.88297808
60.87263158,71.95851449,85.45350467,70.83308519,71.4501769,58.09115744,70.30287102,66.55740355,65.710717
53.43717026,64.65418994,66.38177419,61.44043158,66.26589653,64.72245019,66.73096062,68.64335361,64.36525912
63.44008715,73.10305344,90.63563218,70.10742331,67.68635756,63.36406677,67.0458681,72.94194905,67.95025696
72.21458333,63.33921569,64.13652968,67.95928881,58.62084592,60.80551924,68.46189915,63.86706001,68.90926789
65.98772846,73.43550186,63.27857143,65.56918924,63.33898924,67.18843137,68.99020495,70.70097061,67.27554486
79.8573494,72.03426573,86.2867052,65.7382807,62.02812565,67.93913887,66.63927754,71.59320535,71.4737037
73.88222222,71.55051903,68.74217836,71.88544993,68.39965185,69.81951493,61.2412,74.21422594,72.29443635
66.28674699,71.93464052,60.75,60.89382325,68.76688214,63.45853659,67.24723912,71.52756539,66.77480526
81.76246787,62.95138889,58.15432099,68.39736965,64.58837556,71.21750234,57.99276118,67.83645661,71.81684446
73.98496732,62.62234763,60.81779359,66.71453709,66.63442067,62.81965695,60.62301571,71.88807763,67.95219149
61.30936768,65.43235867,79.61086957,69.58494318,64.76059177,62.69375,67.32760009,66.79936221,67.7586254
74.84778947,66.58183673,61.34305785,69.04819879,66.63945807,70.69756776,64.07975803,70.71411255,64.60089338
59.31393643,63.30938166,66.01487455,63.24650709,61.86669463,65.18900467,65.03772158,61.70729814,66.00052885
75.12586207,69.68333333,70.86798246,62.40605701,67.01679293,63.95256732,57.5934053,75.71818182,68.38848515
57.57153652,63.765625,60.92352415,64.77641301,67.57625552,62.26548295,63.39280077,71.03062731,65.30892414
61.22857143,70.92354015,64.43541342,72.64467942,70.5993287,70.93840887,67.00812818,72.69722814,66.71439655
62.73373134,65.75637343,70.31154423,65.34572666,69.85741255,66.49649832,65.56028888,70.4905442,65.75224172
68.47988506,67.01722973,76.15720524,64.75317382,66.68698237,56.56789216,60.11826597,72.59388005,65.83743405
62.45369928,73.73964758,69.10025554,70.49891361,66.73426954,59.88296268,64.00816097,72.29765178,69.28760563
64.19758713,73.64078212,89.21099684,70.04563098,61.96544559,60.77078737,62.14169381,66.1691704,72.85829517
61.10061728,65.48593482,60.79678625,60.14040388,63.44503396,64.04239648,56.35703422,73.01851086,65.47082339
66.77810026,75.68833034,83.13268366,65.3515726,63.04975395,64.5141522,64.7810799,77.45422702,68.30928074
61.57292308,66.75578947,60.62777778,70.02625041,68.03979903,67.15666285,66.1882595,68.59916042,69.34329988
69.37843552,66.94537815,59.65713073,65.41341615,71.80315212,61.1113306,57.85494427,75.74304813,65.3167781
63.73191489,68.27365145,68.79099678,65.59674388,65.51667506,61.61129677,63.82453424,70.6104281,65.29559095
67.15813008,75.54849023,79.74473684,73.517481,68.55088111,57.93488711,67.26295288,70.41812434,67.53114416
71.57885117,61.11769547,69.8175,70.96282825,66.62636794,64.82474265,67.23792556,65.65563274,65.53037417
77.18928571,72.47425743,87.6,71.6054776,66.7088645,64.70508593,66.0439793,77.43634553,67.47722153
70.65530086,69.21614583,83.87813456,62.22044485,66.1961809,59.91394092,63.95498715,75.85313741,65.79294902
73.20705645,72.42263736,78.84942085,67.43345239,65.29232,57.59486137,64.14354839,71.74661934,71.35387476
76.41465969,71.10907372,58.69370915,64.13876641,64.82657528,61.3464472,63.8708193,67.32515235,65.62748092
64.60065359,62.84233449,70.46234472,65.41874788,64.25010452,57.17338946,67.5687935,72.25802503,66.70865791
69.96522727,70.77359455,92.30031949,70.86043268,71.02626642,66.31545832,66.77514677,79.18903034,73.34474946
62.8938992,71.60894309,71.16719395,67.50566354,65.88131752,57.6853202,65.55570885,71.81420548,63.99260317
66.53614458,77.84547038,78.55669643,60.10439118,59.57981086,61.23323615,60.20680995,70.77230769,72.05262537
69.41980198,69.52105263,64.13142077,69.75682456,68.56992171,64.31941323,60.74621616,70.32434293,70.84799235
66.48033473,65.10375783,60.98980263,68.04016312,69.23340024,63.40943732,58.13513195,75.44627162,69.99869349
77.84938272,72.69013807,83.58605042,60.81476482,61.66600168,62.40061245,64.46555429,75.07107683,68.49300817
81.34391304,68.17606383,82.17290146,73.77571324,70.00232504,72.46888125,76.04310176,70.02327614,66.22890837
65.20465116,62.27685185,62.51012658,70.35465049,70.75887503,68.61,65.39563916,75.49384787,64.84173564
79.11714286,70.81448041,65.3805638,66.67957636,69.41027316,60.65891856,64.2270304,70.06370192,72.24215054
69.25884146,65.28336756,77.46907895,62.56681268,64.2238105,64.92186447,61.2050194,75.00516327,67.33797766
64.02227979,61.98655462,67.46103327,62.16761716,64.24186191,65.73054983,61.14800733,76.91055825,64.63480916
63.88519362,68.73300781,67.2,66.11825816,68.48747541,65.19564939,65.25245458,74.33906204,69.49743704
69.10745501,67.17194245,80.44676425,63.85516798,62.23572177,67.81633333,61.87716927,75.42092016,64.54966757
74.66382979,68.42635659,61.02027027,62.65792092,60.95908072,64.02578358,60.17826298,74.4706238,68.68354167
53.51449704,60.96081081,60.72526882,64.94480821,61.82334586,61.46619825,53.63838687,63.88624214,62.5661709
59.30824176,65.62324561,71.94927273,60.55776669,65.4762438,58.3980632,65.43267348,76.31990003,67.31080043
62.75572034,67.49320594,75.32733945,60.50064511,67.29301019,61.5757047,72.07323669,74.26571865,69.02410417
66.59197861,69.71215278,82.87666667,68.13463875,72.11393367,61.89934028,64.93812675,66.48854392,64.04099099
63.35295699,71.92408377,70.29405797,64.84852858,67.04984741,63.88690789,68.62200816,70.15506282,65.94412243
59.09747191,65.37655914,61.2368,67.51621936,67.97470588,61.51771366,61.46124286,67.50331089,70.42809316
68.18133333,75.64245115,77.99065934,63.67204134,64.61077433,61.26232484,62.48672311,71.73708311,64.58048269
57.68151042,71.16026059,77.37698745,62.23986462,63.17602235,64.03498633,68.70940973,71.25569527,67.06119779
63.06684211,71.79276018,74.33810764,62.1358921,60.00867081,62.87676963,66.87415503,65.00042245,65.00794805
66.82094763,62.77959502,86.4232906,60.33529259,59.43128739,58.49382043,57.86819747,71.56613458,65.84817663
60.42236504,72.39434343,59.86812367,61.0684187,61.22550918,64.00401949,59.13533316,80.23704255,72.90876474
56.20921348,67.70193798,71.22600671,61.35314159,58.59852217,58.8901571,59.81181435,71.48870968,69.20487966
60.08177215,73.42270364,69.38191489,61.09070626,63.26400333,64.97307692,59.69531218,66.09962008,64.09550617
67.63759398,74.82570952,72.44916286,69.52798841,70.36359322,66.2238611,70.49516663,71.34105907,66.96369442
68.426097,68.49194631,70.7772344,62.68296051,69.53619551,66.56079821,71.71590651,64.52273545,67.08458169
59.91830357,66.8102,63.3,62.19584453,62.75041267,60.46919374,52.2723095,67.99929426,66.74970034
62.68091603,64.76564019,62.15484048,64.3299813,72.89080613,62.4523443,66.04627066,76.33805678,69.20999754
67.00221774,68.65813449,74.21065719,66.02908882,66.08185899,63.50266344,72.1237993,74.55807612,64.69411882
69.81456311,66.76825397,74.52084592,69.87136973,73.09318358,60.63985108,64.53453608,72.57933441,66.90569048
66.6351145,66.64790875,91.62911011,61.78416493,64.71464763,61.79715475,65.8312399,81.05449735,65.34888337
58.41238739,64.17914573,74.59393939,65.48777022,69.48396683,64.54756606,64.28113936,70.92487821,66.55428571
62.62540793,67.06774194,60.15221465,61.92479787,63.04196408,65.31844485,51.48494503,68.44986807,62.77827195
67.01255814,70.08818493,72.55982143,63.68323136,66.86961952,63.99095315,65.31509662,72.21550744,74.77138322
56.61293375,65.66164875,51.06496454,64.24251471,65.67775765,62.05515464,73.85590261,79.72685346,68.99746251
72.26797386,68.36145251,76.01546875,62.1133225,71.32197073,66.64662073,63.78565236,64.80401319,62.68252262
58.01203931,75.12909761,82.50202703,61.94277156,64.30298373,59.91165484,56.9995075,71.6796879,64.40235407
60.22810651,68.58323587,59.5152488,61.98496124,63.89180648,63.21274363,57.13675746,67.45647868,66.29440329
59.22977273,65.60474227,46.29379433,65.7190536,67.56737105,63.05951984,64.02888889,74.33834228,66.7634808
59.35421166,67.19794872,60.11065705,62.95851437,65.83204276,64.0551042,63.80006787,69.611582,68.92748379
63.24417178,74.57069847,68.02763533,60.53612194,69.81173403,61.15822333,66.74059049,71.45583621,62.50595021
60.06834734,63.38300885,45.42237609,62.44617465,63.41448017,62.91095082,61.21424149,73.11396857,64.83019432
63.66147309,61.26382253,54.35847328,61.04217753,66.22809467,60.60455531,55.61475177,77.09390728,65.23307777
61.49722222,79.93600868,67.29798951,54.248368,66.25917542,58.76897893,68.19401947,74.68525978,69.60465011
56.91909308,69.17952286,60.75,62.82897157,63.2709715,67.18269373,66.13903391,70.13481048,66.28231121
61.68369305,67.56132723,62.6621,61.52558775,68.56005302,63.52920776,63.17040453,67.13134688,63.33051479
63.91202186,66.97411546,48.6195231,65.69107973,63.79563465,62.21664388,56.51959983,71.79941131,62.78438503
65.15,69.4150463,71.62569686,66.57492522,67.54768159,62.79936759,62.85602119,66.25329218,65.26623493
79.75012407,72.38426573,83.88848631,60.78012503,61.98700252,62.96472435,63.4465032,77.23201125,67.68131132
54.3594132,63.20597303,70.57347756,58.81846323,60.91497253,62.76898868,62.42118026,68.40573123,63.36191426
68.86160521,75.79755672,84.6659396,69.34114255,66.11318598,64.3817037,68.04348475,61.14053288,67.10965989
74.0213198,65.71115385,64.73936877,60.86651836,65.06428571,62.30843782,65.7715178,70.03892577,63.76729942
67.07256858,67.57570978,85.56475177,63.8160432,64.03405868,66.30630137,61.59669176,72.38128422,68.71378398
69.82329114,74.68471698,89.26585014,66.90122002,66.77982437,65.19134041,63.15852843,67.0305996,72.08435623
63.41265823,71.06730769,65.2,58.8614195,66.03893424,66.56215165,59.70981976,69.52894435,61.88521092
61.66935484,69.83689139,60.20716695,66.89197771,70.44860382,63.77800987,61.53674523,66.73283538,64.71469898
57.70864198,65.85326733,80.1623946,62.20581261,64.76367793,65.20320616,62.72239674,73.96948956,68.79496368
68.15277778,67.8607619,60.71606557,66.78966629,68.42222461,64.20500179,64.77300568,71.7222446,64.85675878
56.40953437,69.62922078,60.06118068,63.12314098,65.42193798,64.51357792,58.79973743,74.19659536,67.63095445
62.2993808,64.4381323,57.35037764,60.12170203,60.03666848,61.69980799,59.69082673,66.18128983,62.07695348
65.08700565,68.7204797,73.68115142,65.07667018,67.85692806,68.16866524,65.66403653,66.64723604,65.53433688
62.1060241,65.84907749,60.74057315,64.23564925,64.65142107,70.50517681,65.95848113,75.14126643,70.35742972
66.13453725,66.74112769,70.75479256,61.65115313,67.84419765,65.81057759,63.90494827,75.33542814,68.06917249
69.2260181,73.52066277,81.74026187,63.98590827,66.15591284,65.65266576,71.87082115,71.92310616,65.72391639
70.93650386,68.57100457,65.64656489,62.61031814,61.73608163,68.12420256,61.15425226,71.48879753,66.3140527
59.9670913,66.32721239,61.03484288,64.61503448,61.7675908,61.19798084,63.72324985,80.12159275,69.54850546
57.6472561,70.06343042,64.24590278,64.7031434,66.06797432,62.82688134,62.95274628,70.79949857,63.6374866
61.77603687,71.49219048,60.75,64.76362399,69.7988153,65.47694641,70.90580837,64.83222132,67.76307922
58.59616613,72.24711191,64.7,60.85742501,66.94987685,63.06624108,61.12064689,69.39244232,65.48987794
64.1877095,69.81312608,62.79706724,61.37396029,61.3712438,62.38198198,58.36144048,71.43499125,63.35668478
72.75823293,76.12175732,82.05369231,63.14929093,68.59205798,65.47944464,70.63814893,65.92206041,61.6094416
59.01725768,67.66399217,82.3,67.18889073,66.54751982,65.96252505,69.26886022,77.23006682,65.45613583
72.64168618,71.04259928,67.29495342,61.36896727,61.96818874,68.01659067,59.65964105,68.62073203,68.63565574
65.25111111,64.2419214,53.59915541,65.95740523,67.1476071,58.82313489,57.55785004,70.35490196,62.56570199
61.28992806,66.63156966,75.9003962,62.87014202,65.71799117,67.31983953,63.15614936,79.99211168,70.7015299
67.76506849,66.15545287,65.007109,63.18183065,66.3651838,64.70501329,67.94471726,67.61075984,65.74554566
57.21405405,72.86987522,73.67973396,65.74377796,63.07699192,64.67717281,62.81095164,62.90999174,68.0169826
69.43663912,63.5522,66.39907873,61.09159845,68.19521574,69.76051673,58.54019481,61.39286947,61.90242588
58.24609756,70.50536913,53.50565068,58.22079467,64.04320167,59.22970612,59.81356305,68.1724874,67.77480861
64.59736211,75.92727273,69.26622517,65.06627523,71.15794928,68.05997715,66.39887227,63.75271881,63.7409883
68.8155902,73.50224359,90.32902468,65.14280974,71.09925981,61.39213524,69.25902822,71.94173677,68.09694394
60.01897019,69.52697769,75.14829822,65.05852614,65.1743905,61.88170029,69.88086063,73.00940071,62.59130204
63.4407767,72.36975806,82.5,63.6831994,63.6371617,63.55442506,55.77108434,74.22627119,66.2019385
72.53208431,71.15775401,75.27483974,60.98797062,64.02284314,62.55141471,63.62270566,80.83088068,68.9767426
54.79162562,65.55495146,58.56255639,64.63589088,64.21991282,64.65222146,65.7647072,65.95965924,66.64979121
57.22202073,58.38086957,62.48146154,63.65023787,68.023627,60.78514184,67.31189379,72.38286973,65.06712468
70.9447619,71.17665505,53.40679012,64.63919471,63.04940628,68.00336952,65.09626214,68.64307898,62.83457636
60.69195652,64.47505938,69.32535336,69.51429746,69.13736142,68.60019947,70.30670198,65.44582185,65.44099802
62.62678063,73.03940455,67.37647059,60.18289361,62.82496821,64.89947858,64.10160727,66.70767096,65.900028
80.11583333,69.59039548,83.66486486,63.74865117,66.89368723,64.48465134,66.27949839,79.2245098,71.29462567
67.41785095,63.04477064,67.60935535,58.50878896,68.08097143,69.49927869,62.42548056,72.28350123,69.67880868
71.8745679,60.06340426,55.27092624,62.12645478,63.03828241,62.07953297,60.05621302,76.28549687,60.59232057
62.96781609,69.34618644,60.97829755,63.32088046,68.1225,66.00420397,54.32021679,78.28675054,62.94799763
67.51049107,72.14911894,79.59793537,63.60579347,62.35238971,62.17279707,67.74711902,73.78399508,66.94514223
58.86028708,68.72839757,53.62785388,69.64246157,67.95528169,66.64896579,72.47236422,72.43559009,70.21640112
67.00217918,78.24674797,90.28914186,58.98395062,61.40348399,63.5187567,69.01032937,75.28182931,70.13444471
58.3187638,65.80518234,65.15856905,69.79437053,71.69081897,61.63295218,69.6436751,68.91025416,61.10742196
68.45846501,68.94756335,73.04035088,62.10005034,65.0642376,61.35640074,56.84688577,68.79399437,64.63927736
62.66714286,70.76193548,66.07400722,63.42710007,66.57495846,67.04621931,63.39673867,78.36659496,70.79218609
66.36570605,70.67680891,78.65742496,69.59240378,60.51960486,59.35303672,65.34000451,72.1568495,63.82882012
58.98383234,63.27410526,55.40320624,71.23397554,69.48176101,69.88230453,72.71121255,67.5851446,63.99136399
59.58122449,71.36619433,59.44397906,58.7621703,70.5116076,65.92861303,62.61969416,73.19398298,65.88116935
60.35863014,71.04285714,69.67726465,62.6853438,63.17570402,66.49216235,66.73456201,64.60283048,62.76371968
60.64444444,65.87964427,80,67.39303408,65.05066394,65.486,67.69366423,71.39875794,64.97689001
61.45596591,70.81318898,81.05251142,66.05411255,70.95114978,62.36100935,68.71207729,64.58944549,69.7109805
59.98306636,67.79716981,61.4631405,64.1535664,65.02087195,61.6752491,65.08216715,67.51642539,61.87817082
54.69594595,62.72620545,42.41321942,61.50069775,62.57335329,66.43448507,65.76861428,73.28117721,64.71749446
73.21742424,63.31212121,64.33652416,62.3828343,66.43642482,62.09834132,62.50743917,73.24369938,66.31969921
62.58601036,64.8614841,67.14709172,64.40520046,60.55222889,64.26392694,61.21758767,66.64398526,64.34595766
63.17349398,65.94827586,60.59580882,63.05740019,62.07354296,59.48130022,61.37077566,77.8458656,71.16054401
70.30167598,65.20849515,64.09001919,65.87357874,67.13558247,63.99489051,59.65759632,66.40106212,54.78071233
66.32748092,70.98484211,79.81927273,59.19414592,62.69492216,66.97164017,72.63265487,65.21764321,60.17286357
58.47092511,74.03116883,91.90683333,67.19316046,66.32975098,63.22265961,68.54321726,72.94901434,71.54810229
60.49713467,66.84954955,69.40467446,64.63673997,67.22700587,69.24774381,60.16767576,68.02867362,61.56213389
73.85620915,75.62291262,83.56843066,70.31550228,70.83804865,68.78583805,70.09642412,74.1689038,62.24615064
68.55727273,72.48713629,85.38155007,54.23466423,63.88985725,69.86409228,60.1224734,76.84451549,66.26188235
62.024,65.43672727,67.71727129,63.91504079,65.96205722,61.51043257,61.67216519,61.98395755,63.37064351
62.92762763,72.10854701,87.66474926,65.68002286,68.55263276,62.4375817,67.22553057,69.72136247,68.48576812
61.83123487,62.11366906,56.55922819,60.52866277,66.46501085,63.09419252,73.1953867,69.08935252,64.46381256
66.59240122,71.42433333,71.76131687,61.27831462,68.51568921,63.38628485,64.90760924,66.90199126,65.76688953
61.89093264,66.6308642,75.32019078,64.15089091,69.16111996,58.21805778,63.51873031,71.43041081,63.51689647
60.91507937,63.56431535,69.69285714,63.77933504,66.72147638,59.83405069,62.58974937,75.83695652,62.07978668
63.74804178,73.34233807,74.58592085,61.23278863,65.30083983,77.52189171,69.51906395,73.28432755,67.00690683
73.55432526,65.95522124,73.17301913,68.58024254,67.26637092,64.75281976,62.59842421,69.99125364,60.3743862
64.02189474,64.36646586,66.48871716,64.20342558,70.22138755,74.07497044,75.14271429,71.18555584,61.32619295
68.6701087,62.94421252,65.89647541,66.94763371,67.24352725,62.58191664,72.41508725,70.76230441,62.19321528
69.21145251,75.90898305,76.13317757,57.82811675,69.37899782,64.57285804,63.60825777,67.45915259,62.53496541
44.66676471,65.62560706,61.6516844,67.26036966,69.67808736,66.7267646,67.88899326,61.27755372,62.94470382
64.42289474,68.05249042,65.2102381,65.83533492,68.41914946,68.50119177,67.39460701,60.15312412,60.51031402
78.17173397,61.72919708,67.09875,68.62859751,69.4686577,64.31146186,65.17165701,73.11527685,60.11092087
71.09313433,62.85841584,68.38604651,59.89296724,64.37940711,67.37209139,64.04347826,63.85789756,59.11531233
62.30385604,66.79307359,61.72474227,62.07761063,71.53548454,61.41992263,59.12851319,63.08377805,58.65315749
63.20976744,70.87712551,69.62943686,65.05776268,71.44461495,66.07205543,73.86980834,66.76921488,64.30827664
61.64795539,69.30517241,63.36510903,62.48481142,68.78085564,62.25767698,60.63218305,75.33175457,62.02651611
64.1679803,66.35105932,64.07571189,66.42725806,66.40707777,66.55334805,64.9467934,72.82157258,67.4612304
69.75924453,67.8362117,75.3,67.94893206,66.73717817,67.3541556,71.07280682,67.68948606,59.14345694
66.2064433,65.28912338,90.09480994,63.13994255,67.38928087,64.12890327,61.71525659,59.56941553,62.7934901
64.84818402,73.9023301,64.09467409,62.25321848,72.87506981,68.79379925,64.43575269,65.78152469,59.66059068
68.61378299,71.04270463,68.7,68.15428919,74.48881466,68.30263543,69.82153585,66.71797079,63.76491025
60.99317585,62.29423459,78.07094488,68.79275613,74.55016667,65.18112105,62.49328693,62.16189702,63.0755191
71.76739659,60.93948413,67.77369281,67.49621905,63.82955571,67.85081724,69.08944,67.0693502,66.35861907
70.23557484,72.27568093,72.98731942,64.20399111,70.10251938,71.28230958,73.64398793,65.08857143,68.3226279
70.26634845,66.51219512,58.29657763,55.72082235,62.66764425,66.54718111,70.70022973,71.09932925,60.16957233
83.14763231,80.26518519,89.87370892,63.34245742,65.45454545,64.95744125,70.830868,56.72362622,61.71488895
69.24359551,71.34150613,88.26036866,70.99013122,67.20237969,59.81895235,74.23233708,76.62869448,64.64705618
75.77051282,77.39087523,80.9475,68.34510447,72.30551576,68.47425224,64.50063347,71.05,63.87548898
76.33704819,67.62769784,61.4386931,64.28672188,61.16713918,64.13077446,64.38892045,76.80700359,65.16812831
62.62485207,69.72800687,78.23723545,60.82482533,65.3856371,66.04173112,67.88830357,72.9715666,64.0445178
57.70786517,64.09789474,76.13604488,66.58812846,67.78616682,59.13616541,58.59716482,65.81176471,57.56406728
74.91624714,68.50455446,84.1603928,65.34799865,73.04915173,64.03207547,66.7496271,67.64243439,62.36443423
69.38023599,60.42072072,63.12527372,67.17567848,63.66586323,64.02480563,60.54108216,64.02267219,59.95504877
61.3384434,69.70608856,78.23125,61.12031265,66.45669876,69.40963384,68.36203358,74.36460703,67.5824603
78.06216931,67.10808271,86.13930818,64.54270924,65.8957902,72.2685356,68.05759479,77.84305518,59.75189038
68.51404011,76.28086304,86.54433812,59.68658662,66.07147819,68.60083732,60.62287347,71.23256561,63.34949239
76.93617571,59.6195122,65.85740741,66.9715089,72.67967391,67.18387574,66.42356257,59.27996928,65.69798469
64.36502591,68.77514019,66.7242236,69.8897743,65.95105798,64.0113127,67.33561961,70.22858658,61.43333333
70.02385321,67.66423983,54.89732297,65.83969337,70.45810042,66.02043557,66.83744435,75.03094948,69.27026549
74.85295699,72.88269551,71.62391911,57.7742212,66.19371562,63.05917942,69.94393204,72.29204848,60.30428798
72.47009009,65.80024331,57.13150685,63.73204497,68.32452368,64.3029932,70.00134357,68.07192135,63.56160323
77.87831978,66.07065026,76.43566176,59.79599291,69.1144771,68.87402806,66.81425178,67.164,57.83244877
80.24768856,66.59594272,52.92411874,67.56407668,66.23723617,63.23337779,68.70536964,69.27905577,65.40869462
59.51469816,75.85666004,79.02390625,64.67262271,70.48503552,65.3980319,64.45137441,73.69335017,58.7658769
66.85764075,65.91440678,62.4385274,61.98937133,67.19698296,61.56751342,62.29493433,66.65608128,57.24553734
61.82729805,71.99045872,57.76921899,66.19460325,73.6846875,66.52069694,73.8678893,72.87693977,62.55537849
68.61491841,65.48021201,73.37921875,57.34313217,65.68691027,68.23622754,70.15662728,74.23940654,65.18741497
64.6538835,65.24906716,60.64386792,65.95336058,67.07650168,61.38363374,64.73510742,59.26785518,60.31011537
67.25505952,61.74348624,62.6768559,63.79624717,63.82465725,65.65632467,63.52725968,71.82969867,66.19022346
65.32575107,69.44609929,78.44345238,72.4114591,72.07638065,62.19850598,66.49901458,64.30696876,57.37037422
60.28711217,65.45283019,71.64381625,62.20022529,63.72603593,59.34016824,62.08168911,71.01439299,60.80705069
67.10493827,73.19745597,60.5249053,61.21705914,65.86448951,65.19584548,58.88302932,69.33341894,65.45052053
73.1840617,77.14982639,84.0757485,66.01596248,67.20723558,69.33973829,71.39293247,76.53670726,67.94784254
86.70344828,71.07883065,79.77169179,59.8171579,63.29624289,66.37571429,67.80276364,77.95334853,63.21385371
61.13076923,70.67036395,68.2574048,59.06833291,62.10232237,64.11593144,64.51788321,64.62057744,57.80752383
64.85729443,64.9359743,62.42424242,63.18827089,67.87579707,68.72147989,64.24926863,79.46753408,61.58444892
